StartTime,DataProvider,SettlementDate,SettlementPeriod,Price,Volume
2024-04-27T00:00:00Z,APXMIDP,2024-04-27,3,71.20,1112.150
2024-04-27T00:00:00Z,N2EXMIDP,2024-04-27,3,0.00,0.000
2024-04-26T23:30:00Z,APXMIDP,2024-04-27,2,73.97,953.050
2024-04-26T23:30:00Z,N2EXMIDP,2024-04-27,2,0.00,0.000
2024-04-26T23:00:00Z,APXMIDP,2024-04-27,1,72.64,988.700
2024-04-26T23:00:00Z,N2EXMIDP,2024-04-27,1,0.00,0.000
2024-04-26T22:30:00Z,APXMIDP,2024-04-26,48,77.71,992.300
2024-04-26T22:30:00Z,N2EXMIDP,2024-04-26,48,0.00,0.000
2024-04-26T22:00:00Z,APXMIDP,2024-04-26,47,68.42,1164.200
2024-04-26T22:00:00Z,N2EXMIDP,2024-04-26,47,0.00,0.000
2024-04-26T21:30:00Z,APXMIDP,2024-04-26,46,70.18,1440.600
2024-04-26T21:30:00Z,N2EXMIDP,2024-04-26,46,0.00,0.000
2024-04-26T21:00:00Z,APXMIDP,2024-04-26,45,73.58,1493.700
2024-04-26T21:00:00Z,N2EXMIDP,2024-04-26,45,0.00,0.000
2024-04-26T20:30:00Z,APXMIDP,2024-04-26,44,78.50,1536.950
2024-04-26T20:30:00Z,N2EXMIDP,2024-04-26,44,0.00,0.000
2024-04-26T20:00:00Z,APXMIDP,2024-04-26,43,86.21,1507.800
2024-04-26T20:00:00Z,N2EXMIDP,2024-04-26,43,0.00,0.000
2024-04-26T19:30:00Z,APXMIDP,2024-04-26,42,90.72,1508.500
2024-04-26T19:30:00Z,N2EXMIDP,2024-04-26,42,0.00,0.000
2024-04-26T19:00:00Z,APXMIDP,2024-04-26,41,91.84,1457.400
2024-04-26T19:00:00Z,N2EXMIDP,2024-04-26,41,0.00,0.000
2024-04-26T18:30:00Z,APXMIDP,2024-04-26,40,98.01,1941.900
2024-04-26T18:30:00Z,N2EXMIDP,2024-04-26,40,0.00,0.000
2024-04-26T18:00:00Z,APXMIDP,2024-04-26,39,100.66,1404.750
2024-04-26T18:00:00Z,N2EXMIDP,2024-04-26,39,0.00,0.000
2024-04-26T17:30:00Z,APXMIDP,2024-04-26,38,92.11,2380.200
2024-04-26T17:30:00Z,N2EXMIDP,2024-04-26,38,0.00,0.000
2024-04-26T17:00:00Z,APXMIDP,2024-04-26,37,93.01,2097.500
2024-04-26T17:00:00Z,N2EXMIDP,2024-04-26,37,0.00,0.000
2024-04-26T16:30:00Z,APXMIDP,2024-04-26,36,84.51,2066.150
2024-04-26T16:30:00Z,N2EXMIDP,2024-04-26,36,0.00,0.000
2024-04-26T16:00:00Z,APXMIDP,2024-04-26,35,77.69,1883.750
2024-04-26T16:00:00Z,N2EXMIDP,2024-04-26,35,0.00,0.000
2024-04-26T15:30:00Z,APXMIDP,2024-04-26,34,67.07,1536.800
2024-04-26T15:30:00Z,N2EXMIDP,2024-04-26,34,0.00,0.000
2024-04-26T15:00:00Z,APXMIDP,2024-04-26,33,65.94,1517.750
2024-04-26T15:00:00Z,N2EXMIDP,2024-04-26,33,0.00,0.000
2024-04-26T14:30:00Z,APXMIDP,2024-04-26,32,63.99,1696.750
2024-04-26T14:30:00Z,N2EXMIDP,2024-04-26,32,0.00,0.000
2024-04-26T14:00:00Z,APXMIDP,2024-04-26,31,63.49,1535.950
2024-04-26T14:00:00Z,N2EXMIDP,2024-04-26,31,0.00,0.000
2024-04-26T13:30:00Z,APXMIDP,2024-04-26,30,62.00,1673.000
2024-04-26T13:30:00Z,N2EXMIDP,2024-04-26,30,0.00,0.000
2024-04-26T13:00:00Z,APXMIDP,2024-04-26,29,62.34,1561.150
2024-04-26T13:00:00Z,N2EXMIDP,2024-04-26,29,0.00,0.000
2024-04-26T12:30:00Z,APXMIDP,2024-04-26,28,62.37,1604.450
2024-04-26T12:30:00Z,N2EXMIDP,2024-04-26,28,0.00,0.000
2024-04-26T12:00:00Z,APXMIDP,2024-04-26,27,63.16,1739.250
2024-04-26T12:00:00Z,N2EXMIDP,2024-04-26,27,0.00,0.000
2024-04-26T11:30:00Z,APXMIDP,2024-04-26,26,63.05,1991.100
2024-04-26T11:30:00Z,N2EXMIDP,2024-04-26,26,0.00,0.000
2024-04-26T11:00:00Z,APXMIDP,2024-04-26,25,62.85,1764.100
2024-04-26T11:00:00Z,N2EXMIDP,2024-04-26,25,0.00,0.000
2024-04-26T10:30:00Z,APXMIDP,2024-04-26,24,62.54,1738.750
2024-04-26T10:30:00Z,N2EXMIDP,2024-04-26,24,0.00,0.000
2024-04-26T10:00:00Z,APXMIDP,2024-04-26,23,62.92,1615.600
2024-04-26T10:00:00Z,N2EXMIDP,2024-04-26,23,0.00,0.000
2024-04-26T09:30:00Z,APXMIDP,2024-04-26,22,66.81,1768.700
2024-04-26T09:30:00Z,N2EXMIDP,2024-04-26,22,0.00,0.000
2024-04-26T09:00:00Z,APXMIDP,2024-04-26,21,67.40,1977.100
2024-04-26T09:00:00Z,N2EXMIDP,2024-04-26,21,0.00,0.000
2024-04-26T08:30:00Z,APXMIDP,2024-04-26,20,71.68,1713.450
2024-04-26T08:30:00Z,N2EXMIDP,2024-04-26,20,0.00,0.000
2024-04-26T08:00:00Z,APXMIDP,2024-04-26,19,76.90,1979.950
2024-04-26T08:00:00Z,N2EXMIDP,2024-04-26,19,0.00,0.000
2024-04-26T07:30:00Z,APXMIDP,2024-04-26,18,84.35,1988.200
2024-04-26T07:30:00Z,N2EXMIDP,2024-04-26,18,0.00,0.000
2024-04-26T07:00:00Z,APXMIDP,2024-04-26,17,86.92,1981.100
2024-04-26T07:00:00Z,N2EXMIDP,2024-04-26,17,0.00,0.000
2024-04-26T06:30:00Z,APXMIDP,2024-04-26,16,84.29,2631.450
2024-04-26T06:30:00Z,N2EXMIDP,2024-04-26,16,0.00,0.000
2024-04-26T06:00:00Z,APXMIDP,2024-04-26,15,74.12,2216.500
2024-04-26T06:00:00Z,N2EXMIDP,2024-04-26,15,0.00,0.000
2024-04-26T05:30:00Z,APXMIDP,2024-04-26,14,84.78,2186.600
2024-04-26T05:30:00Z,N2EXMIDP,2024-04-26,14,0.00,0.000
2024-04-26T05:00:00Z,APXMIDP,2024-04-26,13,69.42,1453.600
2024-04-26T05:00:00Z,N2EXMIDP,2024-04-26,13,0.00,0.000
2024-04-26T04:30:00Z,APXMIDP,2024-04-26,12,63.03,1013.350
2024-04-26T04:30:00Z,N2EXMIDP,2024-04-26,12,0.00,0.000
2024-04-26T04:00:00Z,APXMIDP,2024-04-26,11,68.77,1274.250
2024-04-26T04:00:00Z,N2EXMIDP,2024-04-26,11,0.00,0.000
2024-04-26T03:30:00Z,APXMIDP,2024-04-26,10,60.87,1174.750
2024-04-26T03:30:00Z,N2EXMIDP,2024-04-26,10,0.00,0.000
2024-04-26T03:00:00Z,APXMIDP,2024-04-26,9,63.79,1034.900
2024-04-26T03:00:00Z,N2EXMIDP,2024-04-26,9,0.00,0.000
2024-04-26T02:30:00Z,APXMIDP,2024-04-26,8,61.50,983.750
2024-04-26T02:30:00Z,N2EXMIDP,2024-04-26,8,0.00,0.000
2024-04-26T02:00:00Z,APXMIDP,2024-04-26,7,65.42,1348.550
2024-04-26T02:00:00Z,N2EXMIDP,2024-04-26,7,0.00,0.000
2024-04-26T01:30:00Z,APXMIDP,2024-04-26,6,64.17,1205.150
2024-04-26T01:30:00Z,N2EXMIDP,2024-04-26,6,0.00,0.000
2024-04-26T01:00:00Z,APXMIDP,2024-04-26,5,64.81,1229.500
2024-04-26T01:00:00Z,N2EXMIDP,2024-04-26,5,0.00,0.000
2024-04-26T00:30:00Z,APXMIDP,2024-04-26,4,64.98,1056.550
2024-04-26T00:30:00Z,N2EXMIDP,2024-04-26,4,0.00,0.000
2024-04-26T00:00:00Z,APXMIDP,2024-04-26,3,64.10,1130.150
2024-04-26T00:00:00Z,N2EXMIDP,2024-04-26,3,0.00,0.000
2024-04-25T23:30:00Z,APXMIDP,2024-04-26,2,65.79,1104.600
2024-04-25T23:30:00Z,N2EXMIDP,2024-04-26,2,0.00,0.000
2024-04-25T23:00:00Z,APXMIDP,2024-04-26,1,70.85,1154.800
2024-04-25T23:00:00Z,N2EXMIDP,2024-04-26,1,0.00,0.000
2024-04-25T22:30:00Z,APXMIDP,2024-04-25,48,63.48,1271.600
2024-04-25T22:30:00Z,N2EXMIDP,2024-04-25,48,0.00,0.000
2024-04-25T22:00:00Z,APXMIDP,2024-04-25,47,68.21,1027.450
2024-04-25T22:00:00Z,N2EXMIDP,2024-04-25,47,0.00,0.000
2024-04-25T21:30:00Z,APXMIDP,2024-04-25,46,69.72,1876.050
2024-04-25T21:30:00Z,N2EXMIDP,2024-04-25,46,0.00,0.000
2024-04-25T21:00:00Z,APXMIDP,2024-04-25,45,72.05,1781.800
2024-04-25T21:00:00Z,N2EXMIDP,2024-04-25,45,0.00,0.000
2024-04-25T20:30:00Z,APXMIDP,2024-04-25,44,71.43,1510.150
2024-04-25T20:30:00Z,N2EXMIDP,2024-04-25,44,0.00,0.000
2024-04-25T20:00:00Z,APXMIDP,2024-04-25,43,75.68,1620.300
2024-04-25T20:00:00Z,N2EXMIDP,2024-04-25,43,0.00,0.000
2024-04-25T19:30:00Z,APXMIDP,2024-04-25,42,80.01,1995.750
2024-04-25T19:30:00Z,N2EXMIDP,2024-04-25,42,0.00,0.000
2024-04-25T19:00:00Z,APXMIDP,2024-04-25,41,78.69,1878.300
2024-04-25T19:00:00Z,N2EXMIDP,2024-04-25,41,0.00,0.000
2024-04-25T18:30:00Z,APXMIDP,2024-04-25,40,81.60,1670.550
2024-04-25T18:30:00Z,N2EXMIDP,2024-04-25,40,0.00,0.000
2024-04-25T18:00:00Z,APXMIDP,2024-04-25,39,80.53,1514.650
2024-04-25T18:00:00Z,N2EXMIDP,2024-04-25,39,0.00,0.000
2024-04-25T17:30:00Z,APXMIDP,2024-04-25,38,81.00,976.850
2024-04-25T17:30:00Z,N2EXMIDP,2024-04-25,38,87.55,75.950
2024-04-25T17:00:00Z,APXMIDP,2024-04-25,37,83.73,448.750
2024-04-25T17:00:00Z,N2EXMIDP,2024-04-25,37,86.98,210.500
2024-04-25T16:30:00Z,APXMIDP,2024-04-25,36,81.64,584.300
2024-04-25T16:30:00Z,N2EXMIDP,2024-04-25,36,86.32,328.700
2024-04-25T16:00:00Z,APXMIDP,2024-04-25,35,79.95,714.000
2024-04-25T16:00:00Z,N2EXMIDP,2024-04-25,35,74.67,224.700
2024-04-25T15:30:00Z,APXMIDP,2024-04-25,34,70.65,1065.800
2024-04-25T15:30:00Z,N2EXMIDP,2024-04-25,34,67.03,135.600
2024-04-25T15:00:00Z,APXMIDP,2024-04-25,33,70.28,982.550
2024-04-25T15:00:00Z,N2EXMIDP,2024-04-25,33,75.00,50.000
2024-04-25T14:30:00Z,APXMIDP,2024-04-25,32,68.92,1531.500
2024-04-25T14:30:00Z,N2EXMIDP,2024-04-25,32,0.00,0.000
2024-04-25T14:00:00Z,APXMIDP,2024-04-25,31,68.43,1831.600
2024-04-25T14:00:00Z,N2EXMIDP,2024-04-25,31,0.00,0.000
2024-04-25T13:30:00Z,APXMIDP,2024-04-25,30,65.51,2643.350
2024-04-25T13:30:00Z,N2EXMIDP,2024-04-25,30,0.00,0.000
2024-04-25T13:00:00Z,APXMIDP,2024-04-25,29,66.00,2433.050
2024-04-25T13:00:00Z,N2EXMIDP,2024-04-25,29,0.00,0.000
2024-04-25T12:30:00Z,APXMIDP,2024-04-25,28,64.98,2390.350
2024-04-25T12:30:00Z,N2EXMIDP,2024-04-25,28,0.00,0.000
2024-04-25T12:00:00Z,APXMIDP,2024-04-25,27,60.76,2131.850
2024-04-25T12:00:00Z,N2EXMIDP,2024-04-25,27,0.00,0.000
2024-04-25T11:30:00Z,APXMIDP,2024-04-25,26,59.59,1987.400
2024-04-25T11:30:00Z,N2EXMIDP,2024-04-25,26,0.00,0.000
2024-04-25T11:00:00Z,APXMIDP,2024-04-25,25,60.67,2389.300
2024-04-25T11:00:00Z,N2EXMIDP,2024-04-25,25,0.00,0.000
2024-04-25T10:30:00Z,APXMIDP,2024-04-25,24,63.65,2858.800
2024-04-25T10:30:00Z,N2EXMIDP,2024-04-25,24,0.00,0.000
2024-04-25T10:00:00Z,APXMIDP,2024-04-25,23,56.59,2403.350
2024-04-25T10:00:00Z,N2EXMIDP,2024-04-25,23,0.00,0.000
2024-04-25T09:30:00Z,APXMIDP,2024-04-25,22,65.01,2548.800
2024-04-25T09:30:00Z,N2EXMIDP,2024-04-25,22,0.00,0.000
2024-04-25T09:00:00Z,APXMIDP,2024-04-25,21,63.43,2580.150
2024-04-25T09:00:00Z,N2EXMIDP,2024-04-25,21,0.00,0.000
2024-04-25T08:30:00Z,APXMIDP,2024-04-25,20,60.78,2318.400
2024-04-25T08:30:00Z,N2EXMIDP,2024-04-25,20,0.00,0.000
2024-04-25T08:00:00Z,APXMIDP,2024-04-25,19,65.94,1983.550
2024-04-25T07:30:00Z,APXMIDP,2024-04-25,18,73.65,2197.100
2024-04-25T07:00:00Z,APXMIDP,2024-04-25,17,77.93,2353.550
2024-04-25T06:30:00Z,APXMIDP,2024-04-25,16,95.43,2298.350
2024-04-25T06:30:00Z,N2EXMIDP,2024-04-25,16,0.00,0.000
2024-04-25T06:00:00Z,APXMIDP,2024-04-25,15,83.06,2060.350
2024-04-25T06:00:00Z,N2EXMIDP,2024-04-25,15,0.00,0.000
2024-04-25T05:30:00Z,APXMIDP,2024-04-25,14,76.46,2018.700
2024-04-25T05:30:00Z,N2EXMIDP,2024-04-25,14,0.00,0.000
2024-04-25T05:00:00Z,APXMIDP,2024-04-25,13,68.86,2007.400
2024-04-25T05:00:00Z,N2EXMIDP,2024-04-25,13,0.00,0.000
2024-04-25T04:30:00Z,APXMIDP,2024-04-25,12,60.56,1395.700
2024-04-25T04:30:00Z,N2EXMIDP,2024-04-25,12,0.00,0.000
2024-04-25T04:00:00Z,APXMIDP,2024-04-25,11,60.44,1193.650
2024-04-25T04:00:00Z,N2EXMIDP,2024-04-25,11,0.00,0.000
2024-04-25T03:30:00Z,APXMIDP,2024-04-25,10,56.54,1211.650
2024-04-25T03:30:00Z,N2EXMIDP,2024-04-25,10,0.00,0.000
2024-04-25T03:00:00Z,APXMIDP,2024-04-25,9,62.96,1146.350
2024-04-25T03:00:00Z,N2EXMIDP,2024-04-25,9,0.00,0.000
2024-04-25T02:30:00Z,APXMIDP,2024-04-25,8,55.99,1201.100
2024-04-25T02:30:00Z,N2EXMIDP,2024-04-25,8,0.00,0.000
2024-04-25T02:00:00Z,APXMIDP,2024-04-25,7,61.05,1192.400
2024-04-25T02:00:00Z,N2EXMIDP,2024-04-25,7,0.00,0.000
2024-04-25T01:30:00Z,APXMIDP,2024-04-25,6,65.11,1105.900
2024-04-25T01:30:00Z,N2EXMIDP,2024-04-25,6,0.00,0.000
2024-04-25T01:00:00Z,APXMIDP,2024-04-25,5,69.34,1330.300
2024-04-25T01:00:00Z,N2EXMIDP,2024-04-25,5,0.00,0.000
2024-04-25T00:30:00Z,APXMIDP,2024-04-25,4,69.26,1392.700
2024-04-25T00:30:00Z,N2EXMIDP,2024-04-25,4,0.00,0.000
2024-04-25T00:00:00Z,APXMIDP,2024-04-25,3,67.95,1398.900
2024-04-25T00:00:00Z,N2EXMIDP,2024-04-25,3,0.00,0.000
2024-04-24T23:30:00Z,APXMIDP,2024-04-25,2,63.88,1211.650
2024-04-24T23:30:00Z,N2EXMIDP,2024-04-25,2,0.00,0.000
2024-04-24T23:00:00Z,APXMIDP,2024-04-25,1,67.40,1132.650
2024-04-24T23:00:00Z,N2EXMIDP,2024-04-25,1,0.00,0.000
2024-04-24T22:30:00Z,APXMIDP,2024-04-24,48,68.04,1230.200
2024-04-24T22:30:00Z,N2EXMIDP,2024-04-24,48,0.00,0.000
2024-04-24T22:00:00Z,APXMIDP,2024-04-24,47,73.73,1433.350
2024-04-24T22:00:00Z,N2EXMIDP,2024-04-24,47,0.00,0.000
2024-04-24T21:30:00Z,APXMIDP,2024-04-24,46,74.41,1571.000
2024-04-24T21:30:00Z,N2EXMIDP,2024-04-24,46,0.00,0.000
2024-04-24T21:00:00Z,APXMIDP,2024-04-24,45,84.23,2028.000
2024-04-24T21:00:00Z,N2EXMIDP,2024-04-24,45,0.00,0.000
2024-04-24T20:30:00Z,APXMIDP,2024-04-24,44,86.22,2072.550
2024-04-24T20:30:00Z,N2EXMIDP,2024-04-24,44,0.00,0.000
2024-04-24T20:00:00Z,APXMIDP,2024-04-24,43,92.04,2188.250
2024-04-24T20:00:00Z,N2EXMIDP,2024-04-24,43,0.00,0.000
2024-04-24T19:30:00Z,APXMIDP,2024-04-24,42,95.33,2314.150
2024-04-24T19:30:00Z,N2EXMIDP,2024-04-24,42,0.00,0.000
2024-04-24T19:00:00Z,APXMIDP,2024-04-24,41,94.38,2499.450
2024-04-24T19:00:00Z,N2EXMIDP,2024-04-24,41,0.00,0.000
2024-04-24T18:30:00Z,APXMIDP,2024-04-24,40,95.70,2488.950
2024-04-24T18:30:00Z,N2EXMIDP,2024-04-24,40,0.00,0.000
2024-04-24T18:00:00Z,APXMIDP,2024-04-24,39,94.39,2395.650
2024-04-24T18:00:00Z,N2EXMIDP,2024-04-24,39,0.00,0.000
2024-04-24T17:30:00Z,APXMIDP,2024-04-24,38,88.53,3222.750
2024-04-24T17:30:00Z,N2EXMIDP,2024-04-24,38,0.00,0.000
2024-04-24T17:00:00Z,APXMIDP,2024-04-24,37,88.54,3178.500
2024-04-24T17:00:00Z,N2EXMIDP,2024-04-24,37,0.00,0.000
2024-04-24T16:30:00Z,APXMIDP,2024-04-24,36,73.84,3292.900
2024-04-24T16:30:00Z,N2EXMIDP,2024-04-24,36,0.00,0.000
2024-04-24T16:00:00Z,APXMIDP,2024-04-24,35,76.75,2560.100
2024-04-24T16:00:00Z,N2EXMIDP,2024-04-24,35,0.00,0.000
2024-04-24T15:30:00Z,APXMIDP,2024-04-24,34,72.81,3268.400
2024-04-24T15:30:00Z,N2EXMIDP,2024-04-24,34,0.00,0.000
2024-04-24T15:00:00Z,APXMIDP,2024-04-24,33,74.23,2698.050
2024-04-24T15:00:00Z,N2EXMIDP,2024-04-24,33,0.00,0.000
2024-04-24T14:30:00Z,APXMIDP,2024-04-24,32,75.23,3030.150
2024-04-24T14:30:00Z,N2EXMIDP,2024-04-24,32,0.00,0.000
2024-04-24T14:00:00Z,APXMIDP,2024-04-24,31,74.49,3007.450
2024-04-24T14:00:00Z,N2EXMIDP,2024-04-24,31,0.00,0.000
2024-04-24T13:30:00Z,APXMIDP,2024-04-24,30,73.70,3206.550
2024-04-24T13:30:00Z,N2EXMIDP,2024-04-24,30,0.00,0.000
2024-04-24T13:00:00Z,APXMIDP,2024-04-24,29,76.51,2972.600
2024-04-24T13:00:00Z,N2EXMIDP,2024-04-24,29,0.00,0.000
2024-04-24T12:30:00Z,APXMIDP,2024-04-24,28,74.12,2991.000
2024-04-24T12:30:00Z,N2EXMIDP,2024-04-24,28,0.00,0.000
2024-04-24T12:00:00Z,APXMIDP,2024-04-24,27,70.27,2572.100
2024-04-24T12:00:00Z,N2EXMIDP,2024-04-24,27,89.00,25.000
2024-04-24T11:30:00Z,APXMIDP,2024-04-24,26,72.87,2592.850
2024-04-24T11:30:00Z,N2EXMIDP,2024-04-24,26,0.00,0.000
2024-04-24T11:00:00Z,APXMIDP,2024-04-24,25,73.36,2489.250
2024-04-24T11:00:00Z,N2EXMIDP,2024-04-24,25,72.00,25.000
2024-04-24T10:30:00Z,APXMIDP,2024-04-24,24,73.96,2287.500
2024-04-24T10:30:00Z,N2EXMIDP,2024-04-24,24,65.00,41.450
2024-04-24T10:00:00Z,APXMIDP,2024-04-24,23,77.72,2262.100
2024-04-24T10:00:00Z,N2EXMIDP,2024-04-24,23,81.99,62.450
2024-04-24T09:30:00Z,APXMIDP,2024-04-24,22,74.33,2463.000
2024-04-24T09:30:00Z,N2EXMIDP,2024-04-24,22,0.00,0.000
2024-04-24T09:00:00Z,APXMIDP,2024-04-24,21,74.98,2210.550
2024-04-24T09:00:00Z,N2EXMIDP,2024-04-24,21,0.00,0.000
2024-04-24T08:30:00Z,APXMIDP,2024-04-24,20,72.21,2299.400
2024-04-24T08:30:00Z,N2EXMIDP,2024-04-24,20,0.00,0.000
2024-04-24T08:00:00Z,APXMIDP,2024-04-24,19,76.53,2347.750
2024-04-24T08:00:00Z,N2EXMIDP,2024-04-24,19,0.00,0.000
2024-04-24T07:30:00Z,APXMIDP,2024-04-24,18,86.27,2372.450
2024-04-24T07:30:00Z,N2EXMIDP,2024-04-24,18,76.92,32.500
2024-04-24T07:00:00Z,APXMIDP,2024-04-24,17,88.52,2386.500
2024-04-24T07:00:00Z,N2EXMIDP,2024-04-24,17,94.05,39.300
2024-04-24T06:30:00Z,APXMIDP,2024-04-24,16,99.34,2255.900
2024-04-24T06:30:00Z,N2EXMIDP,2024-04-24,16,0.00,0.000
2024-04-24T06:00:00Z,APXMIDP,2024-04-24,15,94.43,2082.850
2024-04-24T06:00:00Z,N2EXMIDP,2024-04-24,15,0.00,0.000
2024-04-24T05:30:00Z,APXMIDP,2024-04-24,14,86.80,2458.700
2024-04-24T05:30:00Z,N2EXMIDP,2024-04-24,14,0.00,0.000
2024-04-24T05:00:00Z,APXMIDP,2024-04-24,13,74.89,2019.000
2024-04-24T05:00:00Z,N2EXMIDP,2024-04-24,13,0.00,0.000
2024-04-24T04:30:00Z,APXMIDP,2024-04-24,12,64.76,1710.850
2024-04-24T04:30:00Z,N2EXMIDP,2024-04-24,12,0.00,0.000
2024-04-24T04:00:00Z,APXMIDP,2024-04-24,11,65.85,1598.800
2024-04-24T04:00:00Z,N2EXMIDP,2024-04-24,11,0.00,0.000
2024-04-24T03:30:00Z,APXMIDP,2024-04-24,10,63.50,1556.650
2024-04-24T03:30:00Z,N2EXMIDP,2024-04-24,10,0.00,0.000
2024-04-24T03:00:00Z,APXMIDP,2024-04-24,9,63.72,1301.250
2024-04-24T03:00:00Z,N2EXMIDP,2024-04-24,9,0.00,0.000
2024-04-24T02:30:00Z,APXMIDP,2024-04-24,8,63.60,1155.450
2024-04-24T02:30:00Z,N2EXMIDP,2024-04-24,8,0.00,0.000
2024-04-24T02:00:00Z,APXMIDP,2024-04-24,7,64.58,1369.600
2024-04-24T02:00:00Z,N2EXMIDP,2024-04-24,7,0.00,0.000
2024-04-24T01:30:00Z,APXMIDP,2024-04-24,6,62.09,1158.050
2024-04-24T01:30:00Z,N2EXMIDP,2024-04-24,6,0.00,0.000
2024-04-24T01:00:00Z,APXMIDP,2024-04-24,5,59.72,1079.900
2024-04-24T01:00:00Z,N2EXMIDP,2024-04-24,5,0.00,0.000
2024-04-24T00:30:00Z,APXMIDP,2024-04-24,4,63.13,1221.150
2024-04-24T00:30:00Z,N2EXMIDP,2024-04-24,4,0.00,0.000
2024-04-24T00:00:00Z,APXMIDP,2024-04-24,3,62.19,1241.200
2024-04-24T00:00:00Z,N2EXMIDP,2024-04-24,3,0.00,0.000
2024-04-23T23:30:00Z,APXMIDP,2024-04-24,2,61.89,1148.700
2024-04-23T23:30:00Z,N2EXMIDP,2024-04-24,2,0.00,0.000
2024-04-23T23:00:00Z,APXMIDP,2024-04-24,1,60.79,1189.500
2024-04-23T23:00:00Z,N2EXMIDP,2024-04-24,1,0.00,0.000
2024-04-23T22:30:00Z,APXMIDP,2024-04-23,48,67.56,931.950
2024-04-23T22:30:00Z,N2EXMIDP,2024-04-23,48,0.00,0.000
2024-04-23T22:00:00Z,APXMIDP,2024-04-23,47,65.81,944.800
2024-04-23T22:00:00Z,N2EXMIDP,2024-04-23,47,0.00,0.000
2024-04-23T21:30:00Z,APXMIDP,2024-04-23,46,73.37,1226.000
2024-04-23T21:30:00Z,N2EXMIDP,2024-04-23,46,0.00,0.000
2024-04-23T21:00:00Z,APXMIDP,2024-04-23,45,68.28,738.400
2024-04-23T21:00:00Z,N2EXMIDP,2024-04-23,45,0.00,0.000
2024-04-23T20:30:00Z,APXMIDP,2024-04-23,44,71.54,691.100
2024-04-23T20:30:00Z,N2EXMIDP,2024-04-23,44,0.00,0.000
2024-04-23T20:00:00Z,APXMIDP,2024-04-23,43,77.68,849.600
2024-04-23T20:00:00Z,N2EXMIDP,2024-04-23,43,81.47,57.400
2024-04-23T19:30:00Z,APXMIDP,2024-04-23,42,77.73,1162.250
2024-04-23T19:30:00Z,N2EXMIDP,2024-04-23,42,0.00,0.000
2024-04-23T19:00:00Z,APXMIDP,2024-04-23,41,77.56,1246.000
2024-04-23T19:00:00Z,N2EXMIDP,2024-04-23,41,0.00,0.000
2024-04-23T18:30:00Z,APXMIDP,2024-04-23,40,77.43,1448.750
2024-04-23T18:30:00Z,N2EXMIDP,2024-04-23,40,0.00,0.000
2024-04-23T18:00:00Z,APXMIDP,2024-04-23,39,74.10,1954.100
2024-04-23T18:00:00Z,N2EXMIDP,2024-04-23,39,0.00,0.000
2024-04-23T17:30:00Z,APXMIDP,2024-04-23,38,66.08,2828.200
2024-04-23T17:30:00Z,N2EXMIDP,2024-04-23,38,0.00,0.000
2024-04-23T17:00:00Z,APXMIDP,2024-04-23,37,67.57,3055.050
2024-04-23T17:00:00Z,N2EXMIDP,2024-04-23,37,0.00,0.000
2024-04-23T16:30:00Z,APXMIDP,2024-04-23,36,66.09,2887.550
2024-04-23T16:30:00Z,N2EXMIDP,2024-04-23,36,0.00,0.000
2024-04-23T16:00:00Z,APXMIDP,2024-04-23,35,66.22,2301.850
2024-04-23T16:00:00Z,N2EXMIDP,2024-04-23,35,0.00,0.000
2024-04-23T15:30:00Z,APXMIDP,2024-04-23,34,61.49,2289.050
2024-04-23T15:30:00Z,N2EXMIDP,2024-04-23,34,0.00,0.000
2024-04-23T15:00:00Z,APXMIDP,2024-04-23,33,59.82,2208.750
2024-04-23T15:00:00Z,N2EXMIDP,2024-04-23,33,0.00,0.000
2024-04-23T14:30:00Z,APXMIDP,2024-04-23,32,60.56,2423.250
2024-04-23T14:30:00Z,N2EXMIDP,2024-04-23,32,0.00,0.000
2024-04-23T14:00:00Z,APXMIDP,2024-04-23,31,55.98,1836.550
2024-04-23T14:00:00Z,N2EXMIDP,2024-04-23,31,0.00,0.000
2024-04-23T13:30:00Z,APXMIDP,2024-04-23,30,60.86,3089.800
2024-04-23T13:30:00Z,N2EXMIDP,2024-04-23,30,0.00,0.000
2024-04-23T13:00:00Z,APXMIDP,2024-04-23,29,61.03,2584.650
2024-04-23T13:00:00Z,N2EXMIDP,2024-04-23,29,0.00,0.000
2024-04-23T12:30:00Z,APXMIDP,2024-04-23,28,61.75,3324.500
2024-04-23T12:30:00Z,N2EXMIDP,2024-04-23,28,0.00,0.000
2024-04-23T12:00:00Z,APXMIDP,2024-04-23,27,63.08,3360.100
2024-04-23T12:00:00Z,N2EXMIDP,2024-04-23,27,0.00,0.000
2024-04-23T11:30:00Z,APXMIDP,2024-04-23,26,62.47,3359.900
2024-04-23T11:30:00Z,N2EXMIDP,2024-04-23,26,0.00,0.000
2024-04-23T11:00:00Z,APXMIDP,2024-04-23,25,67.93,3343.350
2024-04-23T11:00:00Z,N2EXMIDP,2024-04-23,25,0.00,0.000
2024-04-23T10:30:00Z,APXMIDP,2024-04-23,24,73.49,3706.750
2024-04-23T10:30:00Z,N2EXMIDP,2024-04-23,24,0.00,0.000
2024-04-23T10:00:00Z,APXMIDP,2024-04-23,23,75.02,3862.850
2024-04-23T10:00:00Z,N2EXMIDP,2024-04-23,23,0.00,0.000
2024-04-23T09:30:00Z,APXMIDP,2024-04-23,22,73.53,3789.600
2024-04-23T09:30:00Z,N2EXMIDP,2024-04-23,22,87.99,34.500
2024-04-23T09:00:00Z,APXMIDP,2024-04-23,21,73.61,3740.500
2024-04-23T09:00:00Z,N2EXMIDP,2024-04-23,21,79.19,34.500
2024-04-23T08:30:00Z,APXMIDP,2024-04-23,20,72.38,3684.900
2024-04-23T08:30:00Z,N2EXMIDP,2024-04-23,20,0.00,0.000
2024-04-23T08:00:00Z,APXMIDP,2024-04-23,19,75.47,2931.000
2024-04-23T08:00:00Z,N2EXMIDP,2024-04-23,19,0.00,0.000
2024-04-23T07:30:00Z,APXMIDP,2024-04-23,18,77.54,2635.050
2024-04-23T07:30:00Z,N2EXMIDP,2024-04-23,18,0.00,0.000
2024-04-23T07:00:00Z,APXMIDP,2024-04-23,17,75.09,2429.000
2024-04-23T07:00:00Z,N2EXMIDP,2024-04-23,17,0.00,0.000
2024-04-23T06:30:00Z,APXMIDP,2024-04-23,16,95.66,2805.900
2024-04-23T06:30:00Z,N2EXMIDP,2024-04-23,16,0.00,0.000
2024-04-23T06:00:00Z,APXMIDP,2024-04-23,15,82.13,2651.200
2024-04-23T06:00:00Z,N2EXMIDP,2024-04-23,15,0.00,0.000
2024-04-23T05:30:00Z,APXMIDP,2024-04-23,14,88.06,2119.250
2024-04-23T05:30:00Z,N2EXMIDP,2024-04-23,14,0.00,0.000
2024-04-23T05:00:00Z,APXMIDP,2024-04-23,13,81.60,2085.250
2024-04-23T05:00:00Z,N2EXMIDP,2024-04-23,13,0.00,0.000
2024-04-23T04:30:00Z,APXMIDP,2024-04-23,12,63.91,1539.850
2024-04-23T04:30:00Z,N2EXMIDP,2024-04-23,12,0.00,0.000
2024-04-23T04:00:00Z,APXMIDP,2024-04-23,11,68.96,1729.000
2024-04-23T04:00:00Z,N2EXMIDP,2024-04-23,11,0.00,0.000
2024-04-23T03:30:00Z,APXMIDP,2024-04-23,10,61.42,1280.300
2024-04-23T03:30:00Z,N2EXMIDP,2024-04-23,10,0.00,0.000
2024-04-23T03:00:00Z,APXMIDP,2024-04-23,9,63.93,1668.550
2024-04-23T03:00:00Z,N2EXMIDP,2024-04-23,9,0.00,0.000
2024-04-23T02:30:00Z,APXMIDP,2024-04-23,8,62.53,1365.200
2024-04-23T02:30:00Z,N2EXMIDP,2024-04-23,8,0.00,0.000
2024-04-23T02:00:00Z,APXMIDP,2024-04-23,7,65.20,1662.300
2024-04-23T02:00:00Z,N2EXMIDP,2024-04-23,7,0.00,0.000
2024-04-23T01:30:00Z,APXMIDP,2024-04-23,6,68.91,1922.700
2024-04-23T01:30:00Z,N2EXMIDP,2024-04-23,6,0.00,0.000
2024-04-23T01:00:00Z,APXMIDP,2024-04-23,5,69.76,1597.150
2024-04-23T01:00:00Z,N2EXMIDP,2024-04-23,5,0.00,0.000
2024-04-23T00:30:00Z,APXMIDP,2024-04-23,4,72.68,1351.750
2024-04-23T00:30:00Z,N2EXMIDP,2024-04-23,4,0.00,0.000
2024-04-23T00:00:00Z,APXMIDP,2024-04-23,3,72.45,1151.400
2024-04-23T00:00:00Z,N2EXMIDP,2024-04-23,3,0.00,0.000
2024-04-22T23:30:00Z,APXMIDP,2024-04-23,2,74.65,1524.900
2024-04-22T23:30:00Z,N2EXMIDP,2024-04-23,2,0.00,0.000
2024-04-22T23:00:00Z,APXMIDP,2024-04-23,1,74.68,1251.400
2024-04-22T23:00:00Z,N2EXMIDP,2024-04-23,1,0.00,0.000
2024-04-22T22:30:00Z,APXMIDP,2024-04-22,48,76.45,1281.200
2024-04-22T22:30:00Z,N2EXMIDP,2024-04-22,48,0.00,0.000
2024-04-22T22:00:00Z,APXMIDP,2024-04-22,47,69.58,1447.600
2024-04-22T22:00:00Z,N2EXMIDP,2024-04-22,47,0.00,0.000
2024-04-22T21:30:00Z,APXMIDP,2024-04-22,46,81.63,2051.550
2024-04-22T21:30:00Z,N2EXMIDP,2024-04-22,46,0.00,0.000
2024-04-22T21:00:00Z,APXMIDP,2024-04-22,45,83.16,1796.400
2024-04-22T21:00:00Z,N2EXMIDP,2024-04-22,45,0.00,0.000
2024-04-22T20:30:00Z,APXMIDP,2024-04-22,44,82.91,1964.600
2024-04-22T20:30:00Z,N2EXMIDP,2024-04-22,44,0.00,0.000
2024-04-22T20:00:00Z,APXMIDP,2024-04-22,43,86.22,2342.700
2024-04-22T20:00:00Z,N2EXMIDP,2024-04-22,43,0.00,0.000
2024-04-22T19:30:00Z,APXMIDP,2024-04-22,42,93.57,2648.250
2024-04-22T19:30:00Z,N2EXMIDP,2024-04-22,42,0.00,0.000
2024-04-22T19:00:00Z,APXMIDP,2024-04-22,41,95.33,2680.200
2024-04-22T19:00:00Z,N2EXMIDP,2024-04-22,41,0.00,0.000
2024-04-22T18:30:00Z,APXMIDP,2024-04-22,40,95.40,2648.900
2024-04-22T18:30:00Z,N2EXMIDP,2024-04-22,40,0.00,0.000
2024-04-22T18:00:00Z,APXMIDP,2024-04-22,39,97.64,2689.850
2024-04-22T18:00:00Z,N2EXMIDP,2024-04-22,39,0.00,0.000
2024-04-22T17:30:00Z,APXMIDP,2024-04-22,38,92.54,2696.500
2024-04-22T17:30:00Z,N2EXMIDP,2024-04-22,38,0.00,0.000
2024-04-22T17:00:00Z,APXMIDP,2024-04-22,37,92.57,2912.700
2024-04-22T17:00:00Z,N2EXMIDP,2024-04-22,37,0.00,0.000
2024-04-22T16:30:00Z,APXMIDP,2024-04-22,36,92.25,2427.500
2024-04-22T16:30:00Z,N2EXMIDP,2024-04-22,36,0.00,0.000
2024-04-22T16:00:00Z,APXMIDP,2024-04-22,35,90.59,2196.750
2024-04-22T16:00:00Z,N2EXMIDP,2024-04-22,35,0.00,0.000
2024-04-22T15:30:00Z,APXMIDP,2024-04-22,34,74.16,2344.350
2024-04-22T15:30:00Z,N2EXMIDP,2024-04-22,34,0.00,0.000
2024-04-22T15:00:00Z,APXMIDP,2024-04-22,33,73.88,2233.250
2024-04-22T15:00:00Z,N2EXMIDP,2024-04-22,33,0.00,0.000
2024-04-22T14:30:00Z,APXMIDP,2024-04-22,32,69.81,1955.050
2024-04-22T14:30:00Z,N2EXMIDP,2024-04-22,32,0.00,0.000
2024-04-22T14:00:00Z,APXMIDP,2024-04-22,31,69.96,1662.550
2024-04-22T14:00:00Z,N2EXMIDP,2024-04-22,31,0.00,0.000
2024-04-22T13:30:00Z,APXMIDP,2024-04-22,30,72.17,1991.850
2024-04-22T13:30:00Z,N2EXMIDP,2024-04-22,30,0.00,0.000
2024-04-22T13:00:00Z,APXMIDP,2024-04-22,29,72.61,1922.050
2024-04-22T13:00:00Z,N2EXMIDP,2024-04-22,29,0.00,0.000
2024-04-22T12:30:00Z,APXMIDP,2024-04-22,28,68.31,1884.150
2024-04-22T12:30:00Z,N2EXMIDP,2024-04-22,28,0.00,0.000
2024-04-22T12:00:00Z,APXMIDP,2024-04-22,27,71.25,1670.400
2024-04-22T12:00:00Z,N2EXMIDP,2024-04-22,27,0.00,0.000
2024-04-22T11:30:00Z,APXMIDP,2024-04-22,26,74.77,1743.700
2024-04-22T11:30:00Z,N2EXMIDP,2024-04-22,26,0.00,0.000
2024-04-22T11:00:00Z,APXMIDP,2024-04-22,25,76.26,1751.050
2024-04-22T11:00:00Z,N2EXMIDP,2024-04-22,25,0.00,0.000
2024-04-22T10:30:00Z,APXMIDP,2024-04-22,24,75.23,1904.950
2024-04-22T10:30:00Z,N2EXMIDP,2024-04-22,24,0.00,0.000
2024-04-22T10:00:00Z,APXMIDP,2024-04-22,23,79.12,1941.900
2024-04-22T10:00:00Z,N2EXMIDP,2024-04-22,23,0.00,0.000
2024-04-22T09:30:00Z,APXMIDP,2024-04-22,22,76.89,2481.050
2024-04-22T09:30:00Z,N2EXMIDP,2024-04-22,22,0.00,0.000
2024-04-22T09:00:00Z,APXMIDP,2024-04-22,21,77.68,2198.850
2024-04-22T09:00:00Z,N2EXMIDP,2024-04-22,21,0.00,0.000
2024-04-22T08:30:00Z,APXMIDP,2024-04-22,20,79.05,2092.250
2024-04-22T08:30:00Z,N2EXMIDP,2024-04-22,20,0.00,0.000
2024-04-22T08:00:00Z,APXMIDP,2024-04-22,19,91.44,1927.400
2024-04-22T08:00:00Z,N2EXMIDP,2024-04-22,19,0.00,0.000
2024-04-22T07:30:00Z,APXMIDP,2024-04-22,18,84.04,2123.650
2024-04-22T07:30:00Z,N2EXMIDP,2024-04-22,18,0.00,0.000
2024-04-22T07:00:00Z,APXMIDP,2024-04-22,17,78.58,1837.700
2024-04-22T07:00:00Z,N2EXMIDP,2024-04-22,17,0.00,0.000
2024-04-22T06:30:00Z,APXMIDP,2024-04-22,16,113.52,1995.900
2024-04-22T06:30:00Z,N2EXMIDP,2024-04-22,16,0.00,0.000
2024-04-22T06:00:00Z,APXMIDP,2024-04-22,15,108.67,1741.050
2024-04-22T06:00:00Z,N2EXMIDP,2024-04-22,15,0.00,0.000
2024-04-22T05:30:00Z,APXMIDP,2024-04-22,14,109.48,2245.300
2024-04-22T05:30:00Z,N2EXMIDP,2024-04-22,14,0.00,0.000
2024-04-22T05:00:00Z,APXMIDP,2024-04-22,13,98.33,2135.300
2024-04-22T05:00:00Z,N2EXMIDP,2024-04-22,13,0.00,0.000
2024-04-22T04:30:00Z,APXMIDP,2024-04-22,12,77.00,2112.550
2024-04-22T04:30:00Z,N2EXMIDP,2024-04-22,12,0.00,0.000
2024-04-22T04:00:00Z,APXMIDP,2024-04-22,11,77.27,1639.150
2024-04-22T04:00:00Z,N2EXMIDP,2024-04-22,11,0.00,0.000
2024-04-22T03:30:00Z,APXMIDP,2024-04-22,10,55.52,1628.100
2024-04-22T03:30:00Z,N2EXMIDP,2024-04-22,10,0.00,0.000
2024-04-22T03:00:00Z,APXMIDP,2024-04-22,9,57.56,1525.600
2024-04-22T03:00:00Z,N2EXMIDP,2024-04-22,9,0.00,0.000
2024-04-22T02:30:00Z,APXMIDP,2024-04-22,8,58.72,1592.050
2024-04-22T02:30:00Z,N2EXMIDP,2024-04-22,8,0.00,0.000
2024-04-22T02:00:00Z,APXMIDP,2024-04-22,7,59.32,1757.350
2024-04-22T02:00:00Z,N2EXMIDP,2024-04-22,7,0.00,0.000
2024-04-22T01:30:00Z,APXMIDP,2024-04-22,6,61.58,1889.850
2024-04-22T01:30:00Z,N2EXMIDP,2024-04-22,6,0.00,0.000
2024-04-22T01:00:00Z,APXMIDP,2024-04-22,5,64.62,1841.000
2024-04-22T01:00:00Z,N2EXMIDP,2024-04-22,5,0.00,0.000
2024-04-22T00:30:00Z,APXMIDP,2024-04-22,4,62.55,1888.350
2024-04-22T00:30:00Z,N2EXMIDP,2024-04-22,4,0.00,0.000
2024-04-22T00:00:00Z,APXMIDP,2024-04-22,3,58.90,1631.850
2024-04-22T00:00:00Z,N2EXMIDP,2024-04-22,3,0.00,0.000
2024-04-21T23:30:00Z,APXMIDP,2024-04-22,2,63.40,1474.850
2024-04-21T23:30:00Z,N2EXMIDP,2024-04-22,2,0.00,0.000
2024-04-21T23:00:00Z,APXMIDP,2024-04-22,1,67.35,1655.500
2024-04-21T23:00:00Z,N2EXMIDP,2024-04-22,1,0.00,0.000
2024-04-21T22:30:00Z,APXMIDP,2024-04-21,48,53.84,1416.250
2024-04-21T22:30:00Z,N2EXMIDP,2024-04-21,48,0.00,0.000
2024-04-21T22:00:00Z,APXMIDP,2024-04-21,47,62.31,1280.150
2024-04-21T22:00:00Z,N2EXMIDP,2024-04-21,47,0.00,0.000
2024-04-21T21:30:00Z,APXMIDP,2024-04-21,46,58.67,1894.850
2024-04-21T21:30:00Z,N2EXMIDP,2024-04-21,46,0.00,0.000
2024-04-21T21:00:00Z,APXMIDP,2024-04-21,45,79.30,1569.050
2024-04-21T21:00:00Z,N2EXMIDP,2024-04-21,45,0.00,0.000
2024-04-21T20:30:00Z,APXMIDP,2024-04-21,44,83.34,1448.900
2024-04-21T20:30:00Z,N2EXMIDP,2024-04-21,44,0.00,0.000
2024-04-21T20:00:00Z,APXMIDP,2024-04-21,43,88.28,1813.800
2024-04-21T20:00:00Z,N2EXMIDP,2024-04-21,43,0.00,0.000
2024-04-21T19:30:00Z,APXMIDP,2024-04-21,42,87.06,1810.450
2024-04-21T19:30:00Z,N2EXMIDP,2024-04-21,42,0.00,0.000
2024-04-21T19:00:00Z,APXMIDP,2024-04-21,41,87.71,2249.000
2024-04-21T19:00:00Z,N2EXMIDP,2024-04-21,41,0.00,0.000
2024-04-21T18:30:00Z,APXMIDP,2024-04-21,40,89.36,2023.950
2024-04-21T18:30:00Z,N2EXMIDP,2024-04-21,40,0.00,0.000
2024-04-21T18:00:00Z,APXMIDP,2024-04-21,39,80.47,1935.950
2024-04-21T18:00:00Z,N2EXMIDP,2024-04-21,39,0.00,0.000
2024-04-21T17:30:00Z,APXMIDP,2024-04-21,38,76.87,2091.050
2024-04-21T17:30:00Z,N2EXMIDP,2024-04-21,38,0.00,0.000
2024-04-21T17:00:00Z,APXMIDP,2024-04-21,37,70.45,2185.550
2024-04-21T17:00:00Z,N2EXMIDP,2024-04-21,37,0.00,0.000
2024-04-21T16:30:00Z,APXMIDP,2024-04-21,36,61.71,1794.350
2024-04-21T16:30:00Z,N2EXMIDP,2024-04-21,36,0.00,0.000
2024-04-21T16:00:00Z,APXMIDP,2024-04-21,35,55.55,1780.700
2024-04-21T16:00:00Z,N2EXMIDP,2024-04-21,35,0.00,0.000
2024-04-21T15:30:00Z,APXMIDP,2024-04-21,34,53.87,2628.750
2024-04-21T15:30:00Z,N2EXMIDP,2024-04-21,34,0.00,0.000
2024-04-21T15:00:00Z,APXMIDP,2024-04-21,33,55.07,3083.050
2024-04-21T15:00:00Z,N2EXMIDP,2024-04-21,33,0.00,0.000
2024-04-21T14:30:00Z,APXMIDP,2024-04-21,32,50.47,3065.550
2024-04-21T14:30:00Z,N2EXMIDP,2024-04-21,32,0.00,0.000
2024-04-21T14:00:00Z,APXMIDP,2024-04-21,31,46.91,2859.300
2024-04-21T14:00:00Z,N2EXMIDP,2024-04-21,31,0.00,0.000
2024-04-21T13:30:00Z,APXMIDP,2024-04-21,30,42.34,3203.600
2024-04-21T13:30:00Z,N2EXMIDP,2024-04-21,30,0.00,0.000
2024-04-21T13:00:00Z,APXMIDP,2024-04-21,29,41.72,3060.450
2024-04-21T13:00:00Z,N2EXMIDP,2024-04-21,29,0.00,0.000
2024-04-21T12:30:00Z,APXMIDP,2024-04-21,28,37.50,3170.450
2024-04-21T12:30:00Z,N2EXMIDP,2024-04-21,28,0.00,0.000
2024-04-21T12:00:00Z,APXMIDP,2024-04-21,27,28.46,2992.750
2024-04-21T12:00:00Z,N2EXMIDP,2024-04-21,27,0.00,0.000
2024-04-21T11:30:00Z,APXMIDP,2024-04-21,26,27.32,2832.850
2024-04-21T11:30:00Z,N2EXMIDP,2024-04-21,26,0.00,0.000
2024-04-21T11:00:00Z,APXMIDP,2024-04-21,25,30.06,2843.050
2024-04-21T11:00:00Z,N2EXMIDP,2024-04-21,25,0.00,0.000
2024-04-21T10:30:00Z,APXMIDP,2024-04-21,24,24.16,2138.900
2024-04-21T10:30:00Z,N2EXMIDP,2024-04-21,24,0.00,0.000
2024-04-21T10:00:00Z,APXMIDP,2024-04-21,23,21.46,1921.450
2024-04-21T10:00:00Z,N2EXMIDP,2024-04-21,23,0.00,0.000
2024-04-21T09:30:00Z,APXMIDP,2024-04-21,22,31.77,1679.200
2024-04-21T09:30:00Z,N2EXMIDP,2024-04-21,22,0.00,0.000
2024-04-21T09:00:00Z,APXMIDP,2024-04-21,21,28.85,1568.250
2024-04-21T09:00:00Z,N2EXMIDP,2024-04-21,21,0.00,0.000
2024-04-21T08:30:00Z,APXMIDP,2024-04-21,20,29.67,1707.750
2024-04-21T08:30:00Z,N2EXMIDP,2024-04-21,20,0.00,0.000
2024-04-21T08:00:00Z,APXMIDP,2024-04-21,19,32.07,1645.750
2024-04-21T08:00:00Z,N2EXMIDP,2024-04-21,19,0.00,0.000
2024-04-21T07:30:00Z,APXMIDP,2024-04-21,18,38.94,1657.450
2024-04-21T07:30:00Z,N2EXMIDP,2024-04-21,18,0.00,0.000
2024-04-21T07:00:00Z,APXMIDP,2024-04-21,17,38.48,1385.550
2024-04-21T07:00:00Z,N2EXMIDP,2024-04-21,17,0.00,0.000
2024-04-21T06:30:00Z,APXMIDP,2024-04-21,16,47.30,1421.000
2024-04-21T06:30:00Z,N2EXMIDP,2024-04-21,16,0.00,0.000
2024-04-21T06:00:00Z,APXMIDP,2024-04-21,15,41.53,1609.700
2024-04-21T06:00:00Z,N2EXMIDP,2024-04-21,15,0.00,0.000
2024-04-21T05:30:00Z,APXMIDP,2024-04-21,14,41.41,1219.400
2024-04-21T05:30:00Z,N2EXMIDP,2024-04-21,14,0.00,0.000
2024-04-21T05:00:00Z,APXMIDP,2024-04-21,13,41.87,1148.300
2024-04-21T05:00:00Z,N2EXMIDP,2024-04-21,13,0.00,0.000
2024-04-21T04:30:00Z,APXMIDP,2024-04-21,12,39.30,1061.400
2024-04-21T04:30:00Z,N2EXMIDP,2024-04-21,12,0.00,0.000
2024-04-21T04:00:00Z,APXMIDP,2024-04-21,11,39.65,1062.400
2024-04-21T04:00:00Z,N2EXMIDP,2024-04-21,11,0.00,0.000
2024-04-21T03:30:00Z,APXMIDP,2024-04-21,10,39.72,1107.100
2024-04-21T03:30:00Z,N2EXMIDP,2024-04-21,10,0.00,0.000
2024-04-21T03:00:00Z,APXMIDP,2024-04-21,9,43.99,948.250
2024-04-21T03:00:00Z,N2EXMIDP,2024-04-21,9,0.00,0.000
2024-04-21T02:30:00Z,APXMIDP,2024-04-21,8,46.20,992.850
2024-04-21T02:30:00Z,N2EXMIDP,2024-04-21,8,0.00,0.000
2024-04-21T02:00:00Z,APXMIDP,2024-04-21,7,47.35,1026.700
2024-04-21T02:00:00Z,N2EXMIDP,2024-04-21,7,0.00,0.000
2024-04-21T01:30:00Z,APXMIDP,2024-04-21,6,51.70,1267.450
2024-04-21T01:30:00Z,N2EXMIDP,2024-04-21,6,0.00,0.000
2024-04-21T01:00:00Z,APXMIDP,2024-04-21,5,52.48,1219.900
2024-04-21T01:00:00Z,N2EXMIDP,2024-04-21,5,0.00,0.000
2024-04-21T00:30:00Z,APXMIDP,2024-04-21,4,55.34,1116.150
2024-04-21T00:30:00Z,N2EXMIDP,2024-04-21,4,0.00,0.000
2024-04-21T00:00:00Z,APXMIDP,2024-04-21,3,55.79,1082.850
2024-04-21T00:00:00Z,N2EXMIDP,2024-04-21,3,0.00,0.000
2024-04-20T23:30:00Z,APXMIDP,2024-04-21,2,53.93,996.200
2024-04-20T23:30:00Z,N2EXMIDP,2024-04-21,2,0.00,0.000
2024-04-20T23:00:00Z,APXMIDP,2024-04-21,1,55.82,949.450
2024-04-20T23:00:00Z,N2EXMIDP,2024-04-21,1,0.00,0.000
2024-04-20T22:30:00Z,APXMIDP,2024-04-20,48,62.46,1316.900
2024-04-20T22:30:00Z,N2EXMIDP,2024-04-20,48,0.00,0.000
2024-04-20T22:00:00Z,APXMIDP,2024-04-20,47,63.67,1224.250
2024-04-20T22:00:00Z,N2EXMIDP,2024-04-20,47,0.00,0.000
2024-04-20T21:30:00Z,APXMIDP,2024-04-20,46,67.49,1327.950
2024-04-20T21:30:00Z,N2EXMIDP,2024-04-20,46,0.00,0.000
2024-04-20T21:00:00Z,APXMIDP,2024-04-20,45,68.36,1321.300
2024-04-20T21:00:00Z,N2EXMIDP,2024-04-20,45,0.00,0.000
2024-04-20T20:30:00Z,APXMIDP,2024-04-20,44,80.76,1080.350
2024-04-20T20:30:00Z,N2EXMIDP,2024-04-20,44,0.00,0.000
2024-04-20T20:00:00Z,APXMIDP,2024-04-20,43,85.46,1172.550
2024-04-20T20:00:00Z,N2EXMIDP,2024-04-20,43,0.00,0.000
2024-04-20T19:30:00Z,APXMIDP,2024-04-20,42,84.50,1370.050
2024-04-20T19:30:00Z,N2EXMIDP,2024-04-20,42,0.00,0.000
2024-04-20T19:00:00Z,APXMIDP,2024-04-20,41,86.61,1640.600
2024-04-20T19:00:00Z,N2EXMIDP,2024-04-20,41,0.00,0.000
2024-04-20T18:30:00Z,APXMIDP,2024-04-20,40,83.32,1914.350
2024-04-20T18:30:00Z,N2EXMIDP,2024-04-20,40,0.00,0.000
2024-04-20T18:00:00Z,APXMIDP,2024-04-20,39,81.76,1948.700
2024-04-20T18:00:00Z,N2EXMIDP,2024-04-20,39,0.00,0.000
2024-04-20T17:30:00Z,APXMIDP,2024-04-20,38,84.48,1856.000
2024-04-20T17:30:00Z,N2EXMIDP,2024-04-20,38,0.00,0.000
2024-04-20T17:00:00Z,APXMIDP,2024-04-20,37,82.30,1493.900
2024-04-20T17:00:00Z,N2EXMIDP,2024-04-20,37,0.00,0.000
2024-04-20T16:30:00Z,APXMIDP,2024-04-20,36,73.69,1797.400
2024-04-20T16:30:00Z,N2EXMIDP,2024-04-20,36,0.00,0.000
2024-04-20T16:00:00Z,APXMIDP,2024-04-20,35,69.12,1604.000
2024-04-20T16:00:00Z,N2EXMIDP,2024-04-20,35,0.00,0.000
2024-04-20T15:30:00Z,APXMIDP,2024-04-20,34,66.88,2059.150
2024-04-20T15:30:00Z,N2EXMIDP,2024-04-20,34,0.00,0.000
2024-04-20T15:00:00Z,APXMIDP,2024-04-20,33,62.08,1938.000
2024-04-20T15:00:00Z,N2EXMIDP,2024-04-20,33,0.00,0.000
2024-04-20T14:30:00Z,APXMIDP,2024-04-20,32,58.74,2006.350
2024-04-20T14:30:00Z,N2EXMIDP,2024-04-20,32,0.00,0.000
2024-04-20T14:00:00Z,APXMIDP,2024-04-20,31,53.95,2281.300
2024-04-20T14:00:00Z,N2EXMIDP,2024-04-20,31,0.00,0.000
2024-04-20T13:30:00Z,APXMIDP,2024-04-20,30,46.14,2220.500
2024-04-20T13:30:00Z,N2EXMIDP,2024-04-20,30,0.00,0.000
2024-04-20T13:00:00Z,APXMIDP,2024-04-20,29,45.23,2333.400
2024-04-20T13:00:00Z,N2EXMIDP,2024-04-20,29,0.00,0.000
2024-04-20T12:30:00Z,APXMIDP,2024-04-20,28,34.34,2366.650
2024-04-20T12:30:00Z,N2EXMIDP,2024-04-20,28,0.00,0.000
2024-04-20T12:00:00Z,APXMIDP,2024-04-20,27,40.28,2150.700
2024-04-20T12:00:00Z,N2EXMIDP,2024-04-20,27,0.00,0.000
2024-04-20T11:30:00Z,APXMIDP,2024-04-20,26,45.42,2467.350
2024-04-20T11:30:00Z,N2EXMIDP,2024-04-20,26,0.00,0.000
2024-04-20T11:00:00Z,APXMIDP,2024-04-20,25,46.92,2342.650
2024-04-20T11:00:00Z,N2EXMIDP,2024-04-20,25,0.00,0.000
2024-04-20T10:30:00Z,APXMIDP,2024-04-20,24,49.29,2431.850
2024-04-20T10:30:00Z,N2EXMIDP,2024-04-20,24,0.00,0.000
2024-04-20T10:00:00Z,APXMIDP,2024-04-20,23,48.82,2137.000
2024-04-20T10:00:00Z,N2EXMIDP,2024-04-20,23,0.00,0.000
2024-04-20T09:30:00Z,APXMIDP,2024-04-20,22,58.95,1578.350
2024-04-20T09:30:00Z,N2EXMIDP,2024-04-20,22,0.00,0.000
2024-04-20T09:00:00Z,APXMIDP,2024-04-20,21,67.28,1652.500
2024-04-20T09:00:00Z,N2EXMIDP,2024-04-20,21,0.00,0.000
2024-04-20T08:30:00Z,APXMIDP,2024-04-20,20,72.54,1730.050
2024-04-20T08:30:00Z,N2EXMIDP,2024-04-20,20,0.00,0.000
2024-04-20T08:00:00Z,APXMIDP,2024-04-20,19,78.46,1523.000
2024-04-20T08:00:00Z,N2EXMIDP,2024-04-20,19,0.00,0.000
2024-04-20T07:30:00Z,APXMIDP,2024-04-20,18,74.91,1564.700
2024-04-20T07:30:00Z,N2EXMIDP,2024-04-20,18,0.00,0.000
2024-04-20T07:00:00Z,APXMIDP,2024-04-20,17,70.88,1742.400
2024-04-20T07:00:00Z,N2EXMIDP,2024-04-20,17,0.00,0.000
2024-04-20T06:30:00Z,APXMIDP,2024-04-20,16,64.23,1789.250
2024-04-20T06:30:00Z,N2EXMIDP,2024-04-20,16,0.00,0.000
2024-04-20T06:00:00Z,APXMIDP,2024-04-20,15,63.12,1544.600
2024-04-20T06:00:00Z,N2EXMIDP,2024-04-20,15,0.00,0.000
2024-04-20T05:30:00Z,APXMIDP,2024-04-20,14,61.34,1466.100
2024-04-20T05:30:00Z,N2EXMIDP,2024-04-20,14,0.00,0.000
2024-04-20T05:00:00Z,APXMIDP,2024-04-20,13,64.64,1335.350
2024-04-20T05:00:00Z,N2EXMIDP,2024-04-20,13,0.00,0.000
2024-04-20T04:30:00Z,APXMIDP,2024-04-20,12,64.52,1283.750
2024-04-20T04:30:00Z,N2EXMIDP,2024-04-20,12,0.00,0.000
2024-04-20T04:00:00Z,APXMIDP,2024-04-20,11,66.11,1272.550
2024-04-20T04:00:00Z,N2EXMIDP,2024-04-20,11,0.00,0.000
2024-04-20T03:30:00Z,APXMIDP,2024-04-20,10,66.75,1386.600
2024-04-20T03:30:00Z,N2EXMIDP,2024-04-20,10,0.00,0.000
2024-04-20T03:00:00Z,APXMIDP,2024-04-20,9,63.90,1186.800
2024-04-20T03:00:00Z,N2EXMIDP,2024-04-20,9,0.00,0.000
2024-04-20T02:30:00Z,APXMIDP,2024-04-20,8,70.40,1080.250
2024-04-20T02:30:00Z,N2EXMIDP,2024-04-20,8,0.00,0.000
2024-04-20T02:00:00Z,APXMIDP,2024-04-20,7,67.15,1312.750
2024-04-20T02:00:00Z,N2EXMIDP,2024-04-20,7,0.00,0.000
2024-04-20T01:30:00Z,APXMIDP,2024-04-20,6,71.60,1267.750
2024-04-20T01:30:00Z,N2EXMIDP,2024-04-20,6,0.00,0.000
2024-04-20T01:00:00Z,APXMIDP,2024-04-20,5,71.31,1254.000
2024-04-20T01:00:00Z,N2EXMIDP,2024-04-20,5,0.00,0.000
2024-04-20T00:30:00Z,APXMIDP,2024-04-20,4,73.85,1420.650
2024-04-20T00:30:00Z,N2EXMIDP,2024-04-20,4,0.00,0.000
2024-04-20T00:00:00Z,APXMIDP,2024-04-20,3,71.28,1480.350
2024-04-20T00:00:00Z,N2EXMIDP,2024-04-20,3,0.00,0.000
